{"cameraMode":{"drawMode":0,"name":"Shaded","section":"Shading Mode"},"sceneLighting":false,"audioPlay":false,"sceneViewState":{"m_AlwaysRefresh":false,"showFog":true,"showSkybox":false,"showFlares":true,"showImageEffects":true,"showParticleSystems":true,"showVisualEffectGraphs":true,"m_FxEnabled":true},"in2DMode":false,"pivot":{"x":3.6192691326141359,"y":1.3337832689285279,"z":-1.0463156700134278},"rotation":{"x":0.13247622549533845,"y":0.5993449687957764,"z":-0.1014159768819809,"w":0.7829212546348572},"size":0.3370283246040344,"orthographic":false}