{"cameraMode":{"drawMode":0,"name":"Shaded","section":"Shading Mode"},"sceneLighting":false,"audioPlay":false,"sceneViewState":{"m_AlwaysRefresh":false,"showFog":true,"showSkybox":false,"showFlares":true,"showImageEffects":true,"showParticleSystems":true,"showVisualEffectGraphs":true,"m_FxEnabled":true},"in2DMode":false,"pivot":{"x":1.4102520942687989,"y":-0.5149434208869934,"z":0.6312755346298218},"rotation":{"x":-0.12814925611019135,"y":-0.6317074298858643,"z":0.10683667659759522,"w":-0.7570955157279968},"size":1.4192736148834229,"orthographic":false}